collective,world_size,lnc,nki_lnc,size_bytes,framework_us,nki_us,framework_tput_GBps,nki_tput_GBps,framework_busbw_GBps,nki_busbw_GBps,speedup,source_log
all_reduce,8,1,1,512,1072.2,104.4,0.001,0.01,0.001,0.009,10.27,/Users/jburtoft/Documents/opencode/working/collective/task-010/logs/phase_f/nki_sweep_739.out
all_reduce,8,1,1,1024,1025.5,106.3,0.002,0.019,0.002,0.017,9.65,/Users/jburtoft/Documents/opencode/working/collective/task-010/logs/phase_f/nki_sweep_739.out
all_reduce,8,1,1,2048,1008.4,102.3,0.004,0.04,0.004,0.035,9.86,/Users/jburtoft/Documents/opencode/working/collective/task-010/logs/phase_f/nki_sweep_739.out
all_reduce,8,1,1,4096,1044.7,109.8,0.008,0.075,0.007,0.065,9.51,/Users/jburtoft/Documents/opencode/working/collective/task-010/logs/phase_f/nki_sweep_739.out
all_reduce,8,1,1,8192,1003.9,105.1,0.016,0.156,0.014,0.136,9.55,/Users/jburtoft/Documents/opencode/working/collective/task-010/logs/phase_f/nki_sweep_739.out
all_reduce,8,1,1,16384,999.5,106.3,0.033,0.308,0.029,0.27,9.4,/Users/jburtoft/Documents/opencode/working/collective/task-010/logs/phase_f/nki_sweep_739.out
all_reduce,8,1,1,32768,957.2,102.8,0.068,0.637,0.06,0.558,9.31,/Users/jburtoft/Documents/opencode/working/collective/task-010/logs/phase_f/nki_sweep_739.out
all_reduce,8,1,1,65536,1053.5,100.7,0.124,1.301,0.109,1.139,10.46,/Users/jburtoft/Documents/opencode/working/collective/task-010/logs/phase_f/nki_sweep_739.out
all_reduce,8,1,1,131072,990.5,104.0,0.265,2.519,0.232,2.205,9.52,/Users/jburtoft/Documents/opencode/working/collective/task-010/logs/phase_f/nki_sweep_739.out
all_reduce,8,1,1,262144,988.9,100.5,0.53,5.217,0.464,4.565,9.84,/Users/jburtoft/Documents/opencode/working/collective/task-010/logs/phase_f/nki_sweep_739.out
all_reduce,8,1,1,524288,984.7,102.8,1.065,10.196,0.932,8.922,9.58,/Users/jburtoft/Documents/opencode/working/collective/task-010/logs/phase_f/nki_sweep_739.out
all_reduce,8,1,1,1048576,1062.5,113.4,1.974,18.493,1.727,16.181,9.37,/Users/jburtoft/Documents/opencode/working/collective/task-010/logs/phase_f/nki_sweep_739.out
all_reduce,8,1,1,2097152,1010.6,123.7,4.15,33.905,3.632,29.666,8.17,/Users/jburtoft/Documents/opencode/working/collective/task-010/logs/phase_f/nki_sweep_739.out
all_reduce,8,1,1,4194304,1020.5,161.5,8.22,51.942,7.192,45.45,6.32,/Users/jburtoft/Documents/opencode/working/collective/task-010/logs/phase_f/nki_sweep_739.out
all_gather,8,1,1,512,666.5,105.6,0.006,0.039,0.005,0.034,6.31,/Users/jburtoft/Documents/opencode/working/collective/task-010/logs/phase_f/nki_sweep_741.out
all_gather,8,1,1,1024,668.8,98.3,0.012,0.083,0.011,0.073,6.8,/Users/jburtoft/Documents/opencode/working/collective/task-010/logs/phase_f/nki_sweep_741.out
all_gather,8,1,1,2048,633.2,98.1,0.026,0.167,0.023,0.146,6.45,/Users/jburtoft/Documents/opencode/working/collective/task-010/logs/phase_f/nki_sweep_741.out
all_gather,8,1,1,4096,646.6,101.7,0.051,0.322,0.044,0.282,6.36,/Users/jburtoft/Documents/opencode/working/collective/task-010/logs/phase_f/nki_sweep_741.out
all_gather,8,1,1,8192,659.1,104.9,0.099,0.625,0.087,0.547,6.28,/Users/jburtoft/Documents/opencode/working/collective/task-010/logs/phase_f/nki_sweep_741.out
all_gather,8,1,1,16384,632.9,101.1,0.207,1.297,0.181,1.135,6.26,/Users/jburtoft/Documents/opencode/working/collective/task-010/logs/phase_f/nki_sweep_741.out
all_gather,8,1,1,32768,642.3,111.6,0.408,2.348,0.357,2.054,5.75,/Users/jburtoft/Documents/opencode/working/collective/task-010/logs/phase_f/nki_sweep_741.out
all_gather,8,1,1,65536,676.4,102.0,0.775,5.138,0.678,4.496,6.63,/Users/jburtoft/Documents/opencode/working/collective/task-010/logs/phase_f/nki_sweep_741.out
all_gather,8,1,1,131072,654.1,104.9,1.603,9.998,1.403,8.749,6.24,/Users/jburtoft/Documents/opencode/working/collective/task-010/logs/phase_f/nki_sweep_741.out
all_gather,8,1,1,262144,620.6,110.7,3.379,18.948,2.957,16.579,5.61,/Users/jburtoft/Documents/opencode/working/collective/task-010/logs/phase_f/nki_sweep_741.out
all_gather,8,1,1,524288,666.3,123.1,6.295,34.085,5.508,29.824,5.41,/Users/jburtoft/Documents/opencode/working/collective/task-010/logs/phase_f/nki_sweep_741.out
all_gather,8,1,1,1048576,655.7,170.4,12.793,49.24,11.193,43.085,3.85,/Users/jburtoft/Documents/opencode/working/collective/task-010/logs/phase_f/nki_sweep_741.out
all_gather,8,1,1,2097152,634.9,276.5,26.427,60.683,23.123,53.098,2.3,/Users/jburtoft/Documents/opencode/working/collective/task-010/logs/phase_f/nki_sweep_741.out
all_gather,8,1,1,4194304,806.4,502.1,41.612,66.823,36.41,58.47,1.61,/Users/jburtoft/Documents/opencode/working/collective/task-010/logs/phase_f/nki_sweep_741.out
reduce_scatter,8,1,1,4096,630.1,108.2,0.007,0.038,0.006,0.033,5.82,/Users/jburtoft/Documents/opencode/working/collective/task-010/logs/phase_f/nki_sweep_742.out
reduce_scatter,8,1,1,8192,584.2,101.7,0.014,0.081,0.012,0.071,5.75,/Users/jburtoft/Documents/opencode/working/collective/task-010/logs/phase_f/nki_sweep_742.out
reduce_scatter,8,1,1,16384,615.0,107.3,0.027,0.153,0.023,0.134,5.73,/Users/jburtoft/Documents/opencode/working/collective/task-010/logs/phase_f/nki_sweep_742.out
reduce_scatter,8,1,1,32768,626.2,97.1,0.052,0.337,0.046,0.295,6.45,/Users/jburtoft/Documents/opencode/working/collective/task-010/logs/phase_f/nki_sweep_742.out
reduce_scatter,8,1,1,65536,629.6,105.4,0.104,0.622,0.091,0.544,5.97,/Users/jburtoft/Documents/opencode/working/collective/task-010/logs/phase_f/nki_sweep_742.out
reduce_scatter,8,1,1,131072,582.7,102.6,0.225,1.278,0.197,1.118,5.68,/Users/jburtoft/Documents/opencode/working/collective/task-010/logs/phase_f/nki_sweep_742.out
reduce_scatter,8,1,1,262144,628.3,98.1,0.417,2.673,0.365,2.339,6.41,/Users/jburtoft/Documents/opencode/working/collective/task-010/logs/phase_f/nki_sweep_742.out
reduce_scatter,8,1,1,524288,624.0,99.6,0.84,5.266,0.735,4.608,6.27,/Users/jburtoft/Documents/opencode/working/collective/task-010/logs/phase_f/nki_sweep_742.out
reduce_scatter,8,1,1,1048576,605.3,110.5,1.732,9.493,1.516,8.306,5.48,/Users/jburtoft/Documents/opencode/working/collective/task-010/logs/phase_f/nki_sweep_742.out
reduce_scatter,8,1,1,2097152,622.5,110.6,3.369,18.957,2.948,16.587,5.63,/Users/jburtoft/Documents/opencode/working/collective/task-010/logs/phase_f/nki_sweep_742.out
reduce_scatter,8,1,1,4194304,627.7,124.5,6.682,33.684,5.847,29.474,5.04,/Users/jburtoft/Documents/opencode/working/collective/task-010/logs/phase_f/nki_sweep_742.out
reduce_scatter,8,1,1,8388608,641.4,174.3,13.079,48.138,11.444,42.121,3.68,/Users/jburtoft/Documents/opencode/working/collective/task-010/logs/phase_f/nki_sweep_742.out
reduce_scatter,8,1,1,16777216,652.6,290.0,25.707,57.852,22.494,50.621,2.25,/Users/jburtoft/Documents/opencode/working/collective/task-010/logs/phase_f/nki_sweep_742.out
reduce_scatter,8,1,1,33554432,857.7,534.6,39.124,62.767,34.233,54.921,1.6,/Users/jburtoft/Documents/opencode/working/collective/task-010/logs/phase_f/nki_sweep_742.out
all_to_all,8,1,1,512,1241.7,97.8,0.0,0.005,0.0,0.005,12.7,/Users/jburtoft/Documents/opencode/working/collective/task-010/logs/phase_f/nki_sweep_743.out
all_to_all,8,1,1,1024,1395.1,103.2,0.001,0.01,0.001,0.009,13.51,/Users/jburtoft/Documents/opencode/working/collective/task-010/logs/phase_f/nki_sweep_743.out
all_to_all,8,1,1,2048,1162.5,107.3,0.002,0.019,0.002,0.017,10.84,/Users/jburtoft/Documents/opencode/working/collective/task-010/logs/phase_f/nki_sweep_743.out
all_to_all,8,1,1,4096,1135.8,101.9,0.004,0.04,0.003,0.035,11.14,/Users/jburtoft/Documents/opencode/working/collective/task-010/logs/phase_f/nki_sweep_743.out
all_to_all,8,1,1,8192,1190.1,110.5,0.007,0.074,0.006,0.065,10.77,/Users/jburtoft/Documents/opencode/working/collective/task-010/logs/phase_f/nki_sweep_743.out
all_to_all,8,1,1,16384,1165.5,96.1,0.014,0.17,0.012,0.149,12.12,/Users/jburtoft/Documents/opencode/working/collective/task-010/logs/phase_f/nki_sweep_743.out
all_to_all,8,1,1,32768,1125.9,103.3,0.029,0.317,0.025,0.277,10.9,/Users/jburtoft/Documents/opencode/working/collective/task-010/logs/phase_f/nki_sweep_743.out
all_to_all,8,1,1,65536,1172.5,107.7,0.056,0.608,0.049,0.532,10.89,/Users/jburtoft/Documents/opencode/working/collective/task-010/logs/phase_f/nki_sweep_743.out
all_to_all,8,1,1,131072,1231.1,102.6,0.106,1.277,0.093,1.118,12.0,/Users/jburtoft/Documents/opencode/working/collective/task-010/logs/phase_f/nki_sweep_743.out
all_to_all,8,1,1,262144,1225.0,192.3,0.214,1.364,0.187,1.193,6.37,/Users/jburtoft/Documents/opencode/working/collective/task-010/logs/phase_f/nki_sweep_743.out
all_to_all,8,1,1,524288,1181.6,113.4,0.444,4.622,0.388,4.044,10.42,/Users/jburtoft/Documents/opencode/working/collective/task-010/logs/phase_f/nki_sweep_743.out
all_to_all,8,1,1,1048576,1136.8,100.1,0.922,10.474,0.807,9.165,11.35,/Users/jburtoft/Documents/opencode/working/collective/task-010/logs/phase_f/nki_sweep_743.out
all_to_all,8,1,1,2097152,1122.8,110.9,1.868,18.919,1.634,16.554,10.13,/Users/jburtoft/Documents/opencode/working/collective/task-010/logs/phase_f/nki_sweep_743.out
all_to_all,8,1,1,4194304,1202.0,136.7,3.49,30.683,3.053,26.847,8.79,/Users/jburtoft/Documents/opencode/working/collective/task-010/logs/phase_f/nki_sweep_743.out
all_reduce,8,1,1,512,1034.2,99.1,0.001,0.01,0.001,0.009,10.44,/Users/jburtoft/Documents/opencode/working/collective/task-010/logs/phase_f/nki_sweep_744.out
all_reduce,8,1,1,1024,972.9,99.1,0.002,0.021,0.002,0.018,9.81,/Users/jburtoft/Documents/opencode/working/collective/task-010/logs/phase_f/nki_sweep_744.out
all_reduce,8,1,1,2048,1040.6,101.6,0.004,0.04,0.003,0.035,10.24,/Users/jburtoft/Documents/opencode/working/collective/task-010/logs/phase_f/nki_sweep_744.out
all_reduce,8,1,1,4096,993.7,97.8,0.008,0.084,0.007,0.073,10.16,/Users/jburtoft/Documents/opencode/working/collective/task-010/logs/phase_f/nki_sweep_744.out
all_reduce,8,1,1,8192,1031.6,100.6,0.016,0.163,0.014,0.143,10.26,/Users/jburtoft/Documents/opencode/working/collective/task-010/logs/phase_f/nki_sweep_744.out
all_reduce,8,1,1,16384,1045.3,98.2,0.031,0.334,0.027,0.292,10.65,/Users/jburtoft/Documents/opencode/working/collective/task-010/logs/phase_f/nki_sweep_744.out
all_reduce,8,1,1,32768,1059.4,100.0,0.062,0.655,0.054,0.573,10.59,/Users/jburtoft/Documents/opencode/working/collective/task-010/logs/phase_f/nki_sweep_744.out
all_reduce,8,1,1,65536,1023.9,98.0,0.128,1.338,0.112,1.17,10.45,/Users/jburtoft/Documents/opencode/working/collective/task-010/logs/phase_f/nki_sweep_744.out
all_reduce,8,1,1,131072,1003.9,100.6,0.261,2.606,0.228,2.28,9.98,/Users/jburtoft/Documents/opencode/working/collective/task-010/logs/phase_f/nki_sweep_744.out
all_reduce,8,1,1,262144,1015.0,99.5,0.517,5.267,0.452,4.609,10.2,/Users/jburtoft/Documents/opencode/working/collective/task-010/logs/phase_f/nki_sweep_744.out
all_reduce,8,1,1,524288,1017.7,108.1,1.03,9.702,0.902,8.489,9.42,/Users/jburtoft/Documents/opencode/working/collective/task-010/logs/phase_f/nki_sweep_744.out
all_reduce,8,1,1,1048576,1135.0,110.7,1.848,18.949,1.617,16.58,10.26,/Users/jburtoft/Documents/opencode/working/collective/task-010/logs/phase_f/nki_sweep_744.out
all_reduce,8,1,1,2097152,1014.3,127.6,4.135,32.866,3.618,28.758,7.95,/Users/jburtoft/Documents/opencode/working/collective/task-010/logs/phase_f/nki_sweep_744.out
all_reduce,8,1,1,4194304,1044.5,161.7,8.032,51.871,7.028,45.387,6.46,/Users/jburtoft/Documents/opencode/working/collective/task-010/logs/phase_f/nki_sweep_744.out
all_reduce,8,1,1,8388608,1088.5,268.5,15.413,62.486,13.487,54.675,4.05,/Users/jburtoft/Documents/opencode/working/collective/task-010/logs/phase_f/nki_sweep_744.out
all_reduce,8,1,1,16777216,1356.9,489.8,24.729,68.508,21.638,59.944,2.77,/Users/jburtoft/Documents/opencode/working/collective/task-010/logs/phase_f/nki_sweep_744.out
all_reduce,8,1,1,33554432,1745.3,922.5,38.451,72.747,33.645,63.653,1.89,/Users/jburtoft/Documents/opencode/working/collective/task-010/logs/phase_f/nki_sweep_744.out
all_reduce,8,1,1,67108864,2508.0,1804.2,53.516,74.391,46.826,65.092,1.39,/Users/jburtoft/Documents/opencode/working/collective/task-010/logs/phase_f/nki_sweep_744.out
all_reduce,8,1,1,134217728,4086.7,3670.0,65.685,73.143,57.474,64.0,1.11,/Users/jburtoft/Documents/opencode/working/collective/task-010/logs/phase_f/nki_sweep_744.out
